{"cameraMode":{"drawMode":0,"name":"Shaded","section":"Shading Mode"},"sceneLighting":false,"audioPlay":false,"sceneViewState":{"m_AlwaysRefresh":false,"showFog":true,"showSkybox":false,"showFlares":true,"showImageEffects":true,"showParticleSystems":true,"showVisualEffectGraphs":true,"m_FxEnabled":true},"in2DMode":false,"pivot":{"x":-5.698981285095215,"y":2.6807098388671877,"z":2.558753252029419},"rotation":{"x":-0.004257306922227144,"y":-0.4652334153652191,"z":0.0022388333454728128,"w":-0.8851786851882935},"size":4.153562545776367,"orthographic":false}