{"cameraMode":{"drawMode":0,"name":"Shaded","section":"Shading Mode"},"sceneLighting":true,"audioPlay":false,"sceneViewState":{"m_AlwaysRefresh":false,"showFog":true,"showSkybox":true,"showFlares":true,"showImageEffects":true,"showParticleSystems":true,"showVisualEffectGraphs":true,"m_FxEnabled":true},"in2DMode":false,"pivot":{"x":-2.3257687091827394,"y":1.2949752807617188,"z":-0.3423522114753723},"rotation":{"x":0.04174177721142769,"y":-0.566889226436615,"z":0.02877122163772583,"w":0.8222503066062927},"size":2.9127578735351564,"orthographic":false}